keyword,score
ai,123.24612065390204
chatgpt,22.871056053602885
openai,18.642097418849602
claude,14.168584076350704
llms,12.43396537662798
agent,12.00208504371389
llm,11.570634015188531
tool,11.19419324991663
google,10.741370249400003
ml,10.0
llamacpp,9.588606934963043
agents,8.586641940871209
musk,8.087372465114802
codex,8.044232941367301
neurips,7.910037169969807
small,7.591439098022059
centers,7.429242732960156
altman,7.4120482034745105
meta,7.283218744286662
may,6.923415451284371
real,6.875061067300284
jobs,6.4217433674185775
qwen,6.333479162378639
sam,6.3231900696513135
elon,6.239661811587545
across,5.863236952723139
without,5.01164996359595
elon musk,4.808613028305922
trial,4.183673530160768
sam altman,4.167991713780411
